"Name","Handle","Timestamp","Content","Comments","Retweets","Likes","Analytics","Tags","Mentions","Tweet Link","Tweet ID","Replying To"
"hison's daughter","@matnaetic","2025-04-29T14:44:10.000Z","makasih by ily 29 ribu kena ppn 12%","1","0","0","41","[]","[]","https://x.com/matnaetic/status/1917228421249450428","tweet_id:1917228421249450428","['@lhsgege']"
"Rizki Suti Haryono","@RSutiharyono","2025-04-29T14:05:08.000Z","PPN 12% yee...","0","0","0","52","[]","[]","https://x.com/RSutiharyono/status/1917218595630887154","tweet_id:1917218595630887154","[]"
"인드리","@iceumachiato","2025-04-29T13:01:49.000Z","mana katanya sama persis caranya kaya btob kmren, aku dari awal udh aneh pas ngasih ppn 12% itu sampe aku nanya nanya emang kalo hiburan kena ppn 12% ya perasaan engga deh","1","0","0","68","[]","[]","https://x.com/iceumachiato/status/1917202662539624819","tweet_id:1917202662539624819","['@atuhunaa']"
"Karelin Gabon","@KarelinGabon","2025-04-29T11:10:02.000Z","Kenapa kamu pikir lgbt menyimpang, lgbt siapa, polisi RI? Lgbt siapa RUU TNI?! Lgbt siapa, seseoranf koruptor?! Lgbt siapa, PPN 12%?!","1","0","0","96","[]","[]","https://x.com/KarelinGabon/status/1917174533397876776","tweet_id:1917174533397876776","['@ysf_oiu', '@Thetanaya']"
"hil ۶ৎ ྀི","@rosyyzls","2025-04-28T13:12:07.000Z","Beli pulsaaaa kena 12% nyesek banget waktu itu aku beli 30k kepotong 12% Kalau platinum 50 itu udah bakal dapet 50gb. Tapiiiii per bulannya bayar 100k+ppn 12% 
Makanya aku ogah lanjutin, setelah bayar tagihan nanti mau aku stopppp. Mending buat perpanjang vip youku dkk ","2","0","0","69","[]","[]","https://x.com/rosyyzls/status/1916842869123678381","tweet_id:1916842869123678381","['@hiinochu']"
"hil ۶ৎ ྀི","@rosyyzls","2025-04-28T13:07:31.000Z","Iyaaa, kalau gamau hanguss ya tetep langganan platinum. Tapiii per bulannya mahal bangettt mana kena ppn 12% ","1","0","0","73","[]","[]","https://x.com/rosyyzls/status/1916841711671640189","tweet_id:1916841711671640189","['@hiinochu']"
"hil ۶ৎ ྀི","@rosyyzls","2025-04-28T12:54:25.000Z","Iyaaa hangus kalau berhenti langganan platinum. Sebelnya pake platinum tuh kena ppn 12% Setiap beli pulsa bakal kepotong 12%
Terus pas tagihan juga kena 12%
Yakali sebulan kuota cuma 50gb tapi harus bayar tagihan 110k lebih ","0","0","0","82","[]","[]","https://x.com/rosyyzls/status/1916838412214305148","tweet_id:1916838412214305148","['@rintisell']"
"Cal","@CallictusK","2025-04-28T11:44:37.000Z","20jt + PPN 12%","0","0","0","27","[]","[]","https://x.com/CallictusK/status/1916820847836406129","tweet_id:1916820847836406129","['@FeLl337']"
"","@fallowLEOO","2025-04-28T11:32:51.000Z","yang izin kena ppn 12%","0","0","0","33","[]","[]","https://x.com/fallowLEOO/status/1916817887714767304","tweet_id:1916817887714767304","['@twirlinggyuvin']"
"#PajakKitaUntukKita","@kring_pajak","2025-04-28T01:47:40.000Z","Hai, Kak.
Jika harga jual termasuk PPN sebesar 81.667.140, maka harga jual tdk termasuk PPN sebesar 73.574.000.

Untuk DPP selain barang mewah adalah 11/12 dari harga jual. PPN 12% dari DPP nilai lain tersebut.

Jadi DPP sebesar 11/12 x 73.574.000 = 67.442.833,33 dan PPN sebesar","0","0","1","159","[]","[]","https://x.com/kring_pajak/status/1916670621414838671","tweet_id:1916670621414838671","['@sundusmirr']"
"Gybrant Raca Booming Raca","@GybrantR53927","2025-04-27T15:06:21.000Z","Kritik itu mau berdasar apapun boleh kok.Lagian siapa yg bisa menilai itu kebencian atau bukan? Bagaimana kalau kritik itu datang karena kecintaannya terhadap negara?
Misalnya kritik PPN 12%,pd akhirnya yg setuju dan yg kritik sama2 menikmati pembatalannya.","0","0","0","35","[]","[]","https://x.com/GybrantR53927/status/1916509227440316781","tweet_id:1916509227440316781","['@jokowi', '@Pak_Thanos_lagi', '@prabowo', '@jansen_jsp']"
"coba jujur (F-H DEMOKRASI-PERUBAHAN)","@secret_Govermen","2025-04-27T00:58:23.000Z"," resmi perbanyak hutang katanya kemaren kampanye hapus hutang kebanyak nelan air liurnya jokowi,mbg itupak cuma dari sisi lain yg nampak tapi disisi lain yg tak nampak semuanya naik imbas ppn 12% n global","0","0","2","595","[]","['@prabowo']","https://x.com/secret_Govermen/status/1916295828077203889","tweet_id:1916295828077203889","['@ChovaMelians26']"
"putri gaJah Sumatera","@gajahhsumatera","2025-04-25T14:03:58.000Z","Parti at my Habitat :

Aries = bayar 250 jt + ppn 12%
Taurus = free & get kiss (1 person only)
Gemini = kelaut aja
Libra = etlis konsesi tambang nikel di Pulau Obi
Scorpi = harus org dalam istana
Capri = etlis koko"" pik avenue
Leo = kalo pikmi langsung diarak satpam keluar Gedung","3","0","6","471","[]","[]","https://x.com/gajahhsumatera/status/1915768754396684565","tweet_id:1915768754396684565","[]"
"Lieven","@jungwonangis","2025-04-25T11:03:19.000Z","riswit kenapa PPN 12%","1","0","0","434","[]","[]","https://x.com/jungwonangis/status/1915723290976362497","tweet_id:1915723290976362497","['@locsigur']"
"✦","@erenvogue","2025-04-25T10:05:10.000Z","tapi kenapa di coretax bisa ya ka? atas pakai dpp nilai lain yg bawah pakai ppn 12% (anw, nominal tidak real)","2","0","0","500","[]","[]","https://x.com/erenvogue/status/1915708655745236999","tweet_id:1915708655745236999","['@kring_pajak']"
"Mahalil celebrates SKZ DAESANG","@pertigaanmonaco","2025-04-25T08:46:20.000Z","Partisipasi politik bisa pake komunitas barengwarga! Dia emang gak cuman ruu tni sih, karena udah dari zaman tolak ppn 12%. Its a good example of political participation!","1","0","0","60","[]","[]","https://x.com/pertigaanmonaco/status/1915688818683895833","tweet_id:1915688818683895833","['@jaybundar']"
"Arunian Janara Sucipto","@Nian173","2025-04-25T06:43:27.000Z","Ya kalo dibayar dollar mah mau ppn 12-20% mah gak kerasa, yg kerasa yg dibayar UMR mepet mana kalolembur gak dibayar lagi","1","0","0","109","[]","[]","https://x.com/Nian173/status/1915657893572903319","tweet_id:1915657893572903319","['@gentsemane']"
"wietj","@wietj4k","2025-04-25T06:12:21.000Z","Emang rombongan kader simpatisan  ini gak punya malu.

Sok paling bener, paling suci.

Ingat saja mereka ini yg ikut andil berlakunya
1. UU Perubahan KPK
2. UU Omnibuslaw
3. UU yg menaikkan tarif PPN 12 %

Belum lagi mereka diam atas tragedi
1. KM 50
2. Kanjuruhan","0","3","5","181","[]","['@PDI_Perjuangan']","https://x.com/wietj4k/status/1915650067555639801","tweet_id:1915650067555639801","['@MahaD3w4', '@hermantoregar', '@lia_nmei', '@doelpaten', '@suroso_baru', '@koen_syam', '@CifuiLui', '@kebo_ijo_reborn', '@pulu_yan', '@hendryx691']"
"","@apansa_kalengs","2025-04-25T04:35:27.000Z","Belajar dari yang udah-udah aja.. ppn 12% misal. di saat semua perusahaan, kantor dan lain-lain dah ngerevisi semua pembayaran dll. eh.. pas taun baru gak jadi naek. kan asuog! ","1","0","0","42","[]","[]","https://x.com/apansa_kalengs/status/1915625680831951130","tweet_id:1915625680831951130","['@kutu_keyboard']"
"#PajakKitaUntukKita","@kring_pajak","2025-04-24T03:55:09.000Z","> Kolom PPN: 12% x DPP Nilai Lain. Silakan bisa di-edit secara manual ya, Kak.
(2/2)

Tks*Duan","0","0","0","89","[]","[]","https://x.com/kring_pajak/status/1915253149553889540","tweet_id:1915253149553889540","['@kring_pajak', '@nugraheni1502']"
"Grok","@grok","2025-04-23T23:22:39.000Z","Untuk fenomena perpajakan di Indonesia tahun 2025, berikut beberapa topik menarik:

1. Dampak kenaikan PPN 12% untuk barang mewah: Bagaimana ini memengaruhi perilaku konsumen dan pendapatan pajak?
2. Efektivitas insentif pajak untuk industri pionir: Apakah menarik investasi atau","0","0","0","71","[]","[]","https://x.com/grok/status/1915184572205318622","tweet_id:1915184572205318622","['@krisonedi']"
"wietj","@wietj4k","2025-04-23T10:20:42.000Z","Halah Taek..!!!!

Yg pasti kader PDI-P ikut meloloskan 
1. Omnibuslaw
2. UU Perubahan KPK
3. UU yg meloloskan PPN 12 %
4. UU IKN yg nyedot APBN

Dan mingkem vovotnya pada kasus
1. Tragedi pembunuhan keji KM 50 di 2. Tragedi Kanjuruhan
3. Kebaikan Harga BBM

Taik lah....","0","0","0","61","[]","[]","https://x.com/wietj4k/status/1914987789680300469","tweet_id:1914987789680300469","['@ch_chotimah2']"
"yaa","@peachy__29","2025-04-23T08:39:08.000Z","Lucu banget traumanya ppn 12% ya","0","0","1","66","[]","[]","https://x.com/peachy__29/status/1914962228106911862","tweet_id:1914962228106911862","['@vicko_twitt', '@Duren___']"
"Grok","@grok","2025-04-23T07:40:20.000Z","Tingkat kepuasan 80,9% berasal dari survei Litbang Kompas, dilakukan 4-10 Januari 2025 di 38 provinsi. Data yang diukur meliputi: 
1. Kepemimpinan: 94,1% puas dengan Prabowo, 79,9% dengan Gibran. 
2. Program: Makan Bergizi Gratis (72% responden puas), pembatalan kenaikan PPN 12%,","1","0","1","425","[]","[]","https://x.com/grok/status/1914947432070386080","tweet_id:1914947432070386080","['@tjandasayangg', '@IbnuNasir8', '@rifkie_haha', '@MiskinTV_']"
"#PajakKitaUntukKita","@kring_pajak","2025-04-23T06:02:13.000Z","Lalu untuk kolom PPN terutangnya adalah DPP Nilai lain tersebut dikali dengan tarif PPN 12 persen.
(2/2)

Tks*Ukti","0","0","0","136","[]","[]","https://x.com/kring_pajak/status/1914922742241169601","tweet_id:1914922742241169601","['@halaahhtai', '@kring_pajak']"
"Tri Putri R.","@yangmi3prnew","2025-04-22T09:24:43.000Z","Selamat berjuang ibu-ibu.
Semoga  adil.","0","1","1","64","[]","['@officialMKRI']","https://x.com/yangmi3prnew/status/1914611314363928795","tweet_id:1914611314363928795","[]"
"DDTCNews","@DDTCNews","2025-04-22T02:53:38.000Z","Ibu Rumah Tangga hingga Pengemudi Ojol Minta MK Batalkan Tarif PPN 12%","0","1","0","114","[]","[]","https://x.com/DDTCNews/status/1914512894575718872","tweet_id:1914512894575718872","[]"
"Tekarok 007","@tekarok007","2025-04-21T13:16:36.000Z","mereka kan ternak akun bot , gaungin taggar sampai jutaan, pas demo PPN 12% seratus orang saja tidak ada wkwk","7","3","16","1.5K","[]","[]","https://x.com/tekarok007/status/1914307282575430102","tweet_id:1914307282575430102","['@DianSandiU']"
"Chen","@mcrcheen","2025-04-21T09:26:28.000Z","Ngapain transaksi dikenain pajak?? Kebiasaan banget gak pengen seller dan buyer dapet full value, ini mah mikirnya sama kayak pemerinyah gimana dapetin duit cepet kyk ppn 12%. 

Konsumen kalo qris kena pajak 0,5% mending balik lagi pake cc, debit, emoney yg free.","2","0","12","1.9K","[]","[]","https://x.com/mcrcheen/status/1914249364098396569","tweet_id:1914249364098396569","['@ubegebe1', '@dzikrimuhammady']"
"DDTCNews","@DDTCNews","2025-04-21T09:25:30.000Z","Penerapan tarif PPN sebesar 12% dinilai menimbulkan ketidakpastian hukum.","0","1","0","98","[]","[]","https://x.com/DDTCNews/status/1914249123789692968","tweet_id:1914249123789692968","[]"
"diaahhh","@theonlychs","2025-04-21T05:30:07.000Z","broh, ini beneran udah memasuki era bayar ppn 12%?! dammnnnnnn beli f0re kena ppn ","0","0","0","101","[]","[]","https://x.com/theonlychs/status/1914189888259604713","tweet_id:1914189888259604713","[]"
"#PajakKitaUntukKita","@kring_pajak","2025-04-21T02:31:08.000Z","Hai, Kak.

Tarif PPN 12% berlaku sejak 1 Januari 2025. Namun terdapat penyesuaian ketentuan untuk DPP Nilai lain pada PMK 131 Tahun 2024 dan besaran tertentu pada PMK 11 Tahun 2025. Ketentuan tsb masih berlaku saat ini(masa April) ya, Kak.

Tks*Argo","0","0","1","160","[]","[]","https://x.com/kring_pajak/status/1914144844387414159","tweet_id:1914144844387414159","['@asun_go', '@evitahariss']"
"Venomous","@minyoonginity","2025-04-21T01:33:10.000Z","Dikit amat 0,5. Gedean tarif PPN 12% daripada nyali dede","0","0","0","54","[]","[]","https://x.com/minyoonginity/status/1914130255243329600","tweet_id:1914130255243329600","['@bunnysool', '@ifltuvie']"
"po","@yayaaapo","2025-04-20T23:05:24.000Z","Ini bf nya yg ngasih love you 3360 (ppn 12%) ","0","0","0","136","[]","[]","https://x.com/yayaaapo/status/1914093067872948601","tweet_id:1914093067872948601","['@defonotisa']"
"","@zhaoroosy","2025-04-20T12:20:22.000Z","So pricey.. udah gitu nanti dikenalin PPN 12%.","1","0","0","100","[]","[]","https://x.com/zhaoroosy/status/1913930739927974032","tweet_id:1913930739927974032","['@Mirju', '@selfolx', '@wonwoop']"
"ADITYA DWI PRASETYO","@adityadwip","2025-04-20T11:52:21.000Z","Negara para makelar pak. Ada uang disitu. Rakyat ktnya dibagi, tp ya rakyat digempur dari mana mana. Inget lo ppn 12% itu tinggal ganti angka jadi 12/12. Haha. Bedebah negara lah","0","0","0","194","[]","[]","https://x.com/adityadwip/status/1913923691538239602","tweet_id:1913923691538239602","['@Urrangawak']"
"Grok","@grok","2025-04-19T23:39:16.000Z","Iya, petani di Duren, Tengaran kemungkinan terdampak perang tarif AS-China, tapi ga langsung. Efeknya lebih ke biaya produksi yang bisa naik, terutama harga pupuk impor gara-gara gangguan perdagangan global dan kebijakan domestik kayak kenaikan PPN 12% di 2025. 

Tapi, dampaknya","0","0","0","150","[]","[]","https://x.com/grok/status/1913739205492265299","tweet_id:1913739205492265299","['@IndahRj10', '@MMagabut', '@tanyakanrl']"
"Liau rent","@sleepyliaf","2025-04-19T05:13:31.000Z","- kyk indo gapunya pajak yg gangotak aja, goblok sih kata gw apalagi bagian ppn 12% nya indo dibandingin sm pph uk, kyknya dia di indo selama ini gabayr pajak","1","0","4","198","[]","[]","https://x.com/sleepyliaf/status/1913460932933783868","tweet_id:1913460932933783868","['@m2ridical', '@sleepyliaf']"
"KoLoR","@drevderb","2025-04-18T03:08:38.000Z","Bodo amat! 
Kami menolak PPN 12%!  #TolakPPN12Persen","0","0","0","55","['#TolakPPN12Persen']","[]","https://x.com/drevderb/status/1913067117093822924","tweet_id:1913067117093822924","['@KangManto123']"
"ELOK KOE","@sonnytr_","2025-04-17T15:58:03.000Z","Meskipun pada akhirnya ppn 12% hanya berlaku untuk barang-barang mewah, tapi mergo kebijakan kui marai rego liyane mundak jonnnnnn ~","1","0","0","133","[]","[]","https://x.com/sonnytr_/status/1912898359918235851","tweet_id:1912898359918235851","[]"
"Rosyideen ","@rosyideen","2025-04-17T14:47:31.000Z","Negara dengan tax 6% Malaysia  vs Negara dengan PPN 12% Indonesia  youtube.com/shorts/mZBhjT4
… via ","0","0","0","87","[]","['@YouTube']","https://x.com/rosyideen/status/1912880609623744802","tweet_id:1912880609623744802","[]"
"Grok","@grok","2025-04-17T11:45:12.000Z","Biaya impor elektronik seperti konsol game ke Indonesia sekitar 22-32% dari harga dasar. Rinciannya:

1. Bea masuk: 7,5-10% dari nilai CIF.
2. PPN: 12% dari nilai CIF + bea masuk.
3. PPh Pasal 22: 7,5-10% dari nilai CIF + bea masuk, tergantung status NPWP.

Persentase pasti","0","0","1","152","[]","[]","https://x.com/grok/status/1912834727016534344","tweet_id:1912834727016534344","['@KingMulyono', '@apansa_kalengs']"
"#PajakKitaUntukKita","@kring_pajak","2025-04-17T06:29:04.000Z","Hai, Kak.  
Jika ada penyerahan JKP tertentu sebagaimana diatur di dalam PMK Nomor 71/PMK.03/2022 s.t.d.d. PMK Nomor 11 Tahun 2025 kepada instansi pemerintah maka silakan gunakan kode faktur pajak 02 dengan PPN besaran tertentu yaitu sebesar: 
[10%] x 11/12 x tarif PPN 12% x","1","0","0","370","[]","[]","https://x.com/kring_pajak/status/1912755168778858873","tweet_id:1912755168778858873","['@umbimu']"
"#PajakKitaUntukKita","@kring_pajak","2025-04-17T03:52:49.000Z","Hai, Kak.
Untuk penyerahan jasa kena pajak tertentu tahun pajak 2025 yang menggunakan Besaran Tertentu  tidak termasuk yang dikenakan DPP Nilai Lain sesuai PMK-131 Tahun 2024 ya, Kak.
Transaksi tersebut menggunakan tarif efektif 1,2% (10% dikalikan dengan tarif PPN 12%).
Tks*Fhah","1","0","0","194","[]","[]","https://x.com/kring_pajak/status/1912715848223264827","tweet_id:1912715848223264827","['@fadelcoys']"
"","@zhaoroosy","2025-04-16T14:35:03.000Z","Aku akan bersinar seperti toko terang.  Dia kayaknya lagi sibuk diving, sama PDKT ke berbagai macam OA..  soalnya aku liat dia mention semua OA yang lagi STB.  Itu buat bayarnya kena PPN 12% gak, Gege?","1","0","0","57","[]","[]","https://x.com/zhaoroosy/status/1912515083596623958","tweet_id:1912515083596623958","['@seungyouon']"
"nora","@nyamgikook","2025-04-16T11:32:49.000Z","temen gw di kantor adalah istri dari ekonom ui yg namanya sedang melejit belakangan ini setelah kritik PPN 12% kemarin WKWKWKWK","0","0","0","25","[]","[]","https://x.com/nyamgikook/status/1912469224150430073","tweet_id:1912469224150430073","['@Outstandjing']"
"ayline","@naraakitty","2025-04-16T10:22:05.000Z","kalau disini kena ppn 12%","1","0","0","126","[]","[]","https://x.com/naraakitty/status/1912451424509989073","tweet_id:1912451424509989073","['@blvdppw']"
"#PajakKitaUntukKita","@kring_pajak","2025-04-16T08:37:14.000Z","Hai, Kak.
Terkait mencentang pelunasan di efaktur dekstop dan mengisi DPP pelunasan dengan DPP Nilai Lain dan PPN 12% memang menyebabkan nilai DP yang tercreate salah.
Kami sarankan Kakak menginput pelunasan menggunakan sistem Coretax dan menggunakan FP biasa (bukan pelunasan)","0","0","0","411","[]","[]","https://x.com/kring_pajak/status/1912425036268421523","tweet_id:1912425036268421523","['@LuisWidiyanto']"
"dyne","@vouscez","2025-04-16T05:16:32.000Z","adulting is realizing ppn 12% tu babi fuck pemerintah","1","0","0","74","[]","[]","https://x.com/vouscez/status/1912374530326348089","tweet_id:1912374530326348089","[]"
"ROM !","@IrawanRommi","2025-04-16T01:17:38.000Z","Serang dan HujatPPn 12%
MBG
Efesiensi anggaran
RUU TNI
IHSG
Perang dagang AS
Relokasi rakyat Palestina

GAGAL

Lalu Kembali Lagi
Ke Ijazah

Kalah itu bikin gelisah","0","2","0","160","[]","[]","https://x.com/IrawanRommi/status/1912314406056419646","tweet_id:1912314406056419646","[]"
"︎ ︎︎︎ ︎ ︎︎︎ ︎","@daino","2025-04-15T15:03:49.000Z","kena PPN 12% kah abang","1","0","0","22","[]","[]","https://x.com/daino/status/1912159933820256611","tweet_id:1912159933820256611","['@mivngoo']"
"bringotthebag’26","@debukapas","2025-04-15T13:30:38.000Z","25rb blm termasuk ppn 12%","1","0","0","44","[]","[]","https://x.com/debukapas/status/1912136485886894517","tweet_id:1912136485886894517","['@zzuzuzuuz']"
"","@pawrttygirl","2025-04-15T12:51:45.000Z","oh ini pedestrian di negara dengan ppn 12% ?","0","0","0","281","[]","[]","https://x.com/pawrttygirl/status/1912126700206379129","tweet_id:1912126700206379129","[]"
"Gista.","@gistamadea","2025-04-15T12:43:02.000Z","i love you 3000 kalo kena ppn 12% jadi berapa banh","0","0","0","92","[]","[]","https://x.com/gistamadea/status/1912124507567112564","tweet_id:1912124507567112564","['@Traumacopes']"
"#PajakKitaUntukKita","@kring_pajak","2025-04-15T08:08:34.000Z","Hai, Kak.
Apakah mobil yang Kakak beli merupakan barang mewah yang dikenai PPnBM sesuai PMK-141/PMK.010/2021 s.t.d.d. PMK-42/PMK.010/2022? Jika iya, maka betul untuk penyerahannya menggunakan kode 01, PPN 12%.
Tks*Cman","0","0","0","244","[]","[]","https://x.com/kring_pajak/status/1912055434736996490","tweet_id:1912055434736996490","['@danil_025']"
"oblo","@oblosid","2025-04-15T02:36:03.000Z","Mencintai rakyat dasarnya apaBulan pertama 2025 sdh membiarkan / meloloskan tarif PPN 12 % .

Membiarkan brg import dr China banjiri psr Indonesia.

Ratusan industri garmen bangkrut juta'an krywn di PHK.

Mentri2  korup tmbh di puja2.

Melindungi oligarki terjerat hukum.","0","1","4","158","[]","[]","https://x.com/oblosid/status/1911971751900352732","tweet_id:1911971751900352732","['@anasurbaningrum', '@prabowo', '@bumnbersatu', '@AndisBoga']"
"Arachmadi Putra | Vtuber Discord Manager","@cimosoft","2025-04-14T06:20:02.000Z","galau, duit dipinjem, pas balikin nominalnya sama, kan harusnya +ppn 12% (⁠˘⁠･⁠_⁠･⁠˘⁠)a","0","0","0","30","[]","[]","https://x.com/cimosoft/status/1911665733496606722","tweet_id:1911665733496606722","['@kiyomigummy']"
"B L U E ✦","@estheticblue","2025-04-14T03:14:34.000Z","buat yang umkm betul sih masih berjalan tapi kebetulan nih saya kerja di bisnis umkm dan lihat rill kondisinya bagaimana, banyak kok yang terdampak gara gara miss informasi kebijakan ppn 12% itu dan berujung supplier dan marketplace ikutan menaikan harga dan biaya admin-","1","0","2","95","[]","[]","https://x.com/estheticblue/status/1911619060091293818","tweet_id:1911619060091293818","['@', '@rendi078', '@ainunnajib', '@bahayabahadur', '@binlatif', '@estheticblue']"
"nya","@wakkgondrong","2025-04-13T18:28:48.000Z","Pantesan waktu klarif ppn 12% waktu itu keliatan tertekan banget","0","0","1","133","[]","[]","https://x.com/wakkgondrong/status/1911486744190656936","tweet_id:1911486744190656936","['@adepedia']"
"Riva - Press on Nails Heyriv","@_heyriv","2025-04-13T16:16:44.000Z","ngedit harga produk di shopee satu satuuu + ppn 12% njir capek bgt ","1","0","3","251","[]","[]","https://x.com/_heyriv/status/1911453507879600384","tweet_id:1911453507879600384","[]"
"Nutmeg jazzholic","@Nutmegjazz","2025-04-13T15:51:11.000Z","Kirain pindah ke esim gratis, ternyata bayar 10 rb.
Negara sdh kehabisan uang jadi apapun dijual n negara dpt ppn 12%. Trus dikorupsi. Aq sih selama sim yg fisik msh bisa dipakai, emoh aq pindah ke esim.","0","0","0","37","[]","[]","https://x.com/Nutmegjazz/status/1911447080138314097","tweet_id:1911447080138314097","['@Urrangawak']"
"Nobitaufan","@taufanac","2025-04-13T14:17:48.000Z","Ha ha. Gw pelaku bisnis di awal pemerintahan aja dibikin pusing dan riweuh sama ppn 12%. GA KOMPETEN ANJ. PRANK SKALA NASIONAL! Ini scale sri mulyani. Gimana pejabat titipan yanh bukan bidangnya? MIKIR LO","0","0","1","1.1K","[]","[]","https://x.com/taufanac/status/1911423579880632616","tweet_id:1911423579880632616","['@tokotanX', '@howi442']"
".","@firenaff","2025-04-13T10:10:52.000Z","PPN 12%,  RUU Pilkada","0","0","5","323","[]","[]","https://x.com/firenaff/status/1911361435726389611","tweet_id:1911361435726389611","['@Strategi_Bisnis', '@dprfrzni', '@shulhirinjani']"
"lampu patromaks","@lampu_patromaks","2025-04-13T03:29:42.000Z","Mampuz lu PPN 12% dolar 17k.","0","0","0","49","[]","[]","https://x.com/lampu_patromaks/status/1911260478560690293","tweet_id:1911260478560690293","['@msaid_didu', '@aryaSiliwangi99']"
"Dimas renova","@dimas_renova","2025-04-12T16:53:50.000Z","Awalnya memuji trump atas kebijakan tarif yang sangat berani

Tapi kalau mengingat kasus PPN 12% yang tiba-tiba batal, saya rasa trump adalah pemimpin yang buruk.

Kebijakan dengan dampak sebesar itu harusnya di rencanakan dengan baik.","0","0","0","258","[]","[]","https://x.com/dimas_renova/status/1911100459450044776","tweet_id:1911100459450044776","[]"
"Fakultas Ekonomika dan Bisnis UGM","@feb_ugm","2025-04-12T02:45:11.000Z","PPN 12% resmi dibatalkan, tapi apakah ini berarti kita aman dari kenaikan pajak di masa depan? Simak analisis lengkapnya di Kanal Pengetahuan FEB UGM! kanalpengetahuan.feb.ugm.ac.id/ekonomi-360/pp
…#Ekonomi #PPN #KanalPengetahuan #FEBUGM #SekolahBisnis","0","0","0","176","['#Ekonomi', '#PPN', '#KanalPengetahuan', '#FEBUGM', '#SekolahBisnis']","[]","https://x.com/feb_ugm/status/1910886890305175951","tweet_id:1910886890305175951","[]"
"Yunif","@Yunif__","2025-04-12T00:43:10.000Z","Bener2 mengumpat pas dapet ppn 12%. Brengsek emang ini rezim","0","0","0","38","[]","[]","https://x.com/Yunif__/status/1910856182383665202","tweet_id:1910856182383665202","[]"
"Jengglongan Jalan","@jengglongan","2025-04-11T18:38:20.000Z","Prabowo elitist, bener old money. Makanya dia ga akan bisa ngerasain gimana susahnya hidup rakyat Indonesia 

Keliatan dr kebijakannya aja dia ga paham menterinya ngapain 
- gas 3kg dibatasi dia ga paham, akhirnya suruh cancel
- kenaikan ppn 12% dia ga paham imbasnya","0","1","33","1.1K","[]","[]","https://x.com/jengglongan/status/1910764370637750749","tweet_id:1910764370637750749","['@americanonosuga', '@virdianaurellio']"
"Ribhan Salim","@RibhanSalim","2025-04-11T15:30:46.000Z","Baru pertama kali dari PPN 12% sampai UU TNI si Tukang Provokator ngajak Wota² Ikut²an berdemo yang gak jelas, Dijepang Sendiri TIDAK ADA Wota² Jepang berontak dengan kaisarnya.","0","0","1","58","[]","[]","https://x.com/RibhanSalim/status/1910717165621379156","tweet_id:1910717165621379156","['@tekarok007', '@AKB48_staff']"
"anndya 𐙚","@_qfeed_s","2025-04-11T13:23:41.000Z","I love u 3000 tapi dipotong ppn 12%

JAYSANT ON CALL#SweetToothGoodDentistEP3","1","1","1","43","['#SweetToothGoodDentistEP3']","[]","https://x.com/_qfeed_s/status/1910685182904197298","tweet_id:1910685182904197298","['@urfavvshark']"
"Kanopi FEB UI","@Kanopi_FEBUI","2025-04-11T12:45:10.000Z","Kenaikan PPN 12% misalnya, belum sempat diterapkan, kebijakan ini langsung direvisi. Bukan karena hasil evaluasi teknokratik, tapi karena tekanan sosial. Inilah yang disebut yoyo policy—kebijakan yang naik turun seperti mainan yoyo: reaktif, tanpa arah yang jelas.","1","0","0","92","[]","[]","https://x.com/Kanopi_FEBUI/status/1910675490668765234","tweet_id:1910675490668765234","['@Kanopi_FEBUI']"
"elf","@elf_tamb","2025-04-11T10:28:15.000Z"," saya ingin menanyakan transaksi dengan WPLN yang menjadi PMSE. mereka memungut PPN 12% dari nilai kontrak. transaksi dengan PMSE tidak ada faktur pajak jadi tdk ada kode fp. apakah ini sesuai dengan peraturan PPN terbaru? tarif PPNDN bukankah seharusnya masih 11%?","1","0","0","766","[]","['@kring_pajak']","https://x.com/elf_tamb/status/1910641035883274652","tweet_id:1910641035883274652","[]"
"#PajakKitaUntukKita","@kring_pajak","2025-04-11T08:32:07.000Z","Hai, Kak. 
Untuk PPN terutang dihitung dengan mengalikan tarif PPN 12% dengan DPP, untuk penyerahan selain barang yang tergolong mewah menggunakan nilai lain sebesar 11/12 dikali harga jual/penggantian/ atau nilai impor. Untuk pembuatan faktur pajaknya menggunakan kode faktur 04.","0","0","0","285","[]","[]","https://x.com/kring_pajak/status/1910611808467181599","tweet_id:1910611808467181599","['@KY_TAX']"
"pintu biru","@tembokputtih","2025-04-11T06:10:12.000Z","gas 3kg.ppn 12%

penundaan CASN

DLLLLLLLL","0","0","9","3.4K","[]","[]","https://x.com/tembokputtih/status/1910576094413283750","tweet_id:1910576094413283750","['@anggaandinata', '@sofia_for_kai']"
"#PajakKitaUntukKita","@kring_pajak","2025-04-11T05:36:07.000Z","Hai, Kak.
Silakan sesuaikan nilai DPP sebesar 11/12 dari harga jual dan PPN 12% dari perhitungan DPP tersebut ya, Kak.
Tks*Unti","0","0","0","63","[]","[]","https://x.com/kring_pajak/status/1910567515664888084","tweet_id:1910567515664888084","['@FreYoug']"
"Arief Poyuono","@bumnbersatu","2025-04-11T05:26:06.000Z","Beban biaya industri yg produk ekspornya ke Amerika
1. Tariff 32%
2. PPN 12%
3.PBB 
3. Pajak Preman Birokrasi, Parpol, Ormas, Oknum Keamanan, Politisi, (20%) 
4","3","3","6","536","[]","[]","https://x.com/bumnbersatu/status/1910564996125532613","tweet_id:1910564996125532613","['@prabowo', '@bumnbersatu']"
"kael","@notyourmootx","2025-04-10T18:53:20.000Z","abis membentuk ppn 12% ?","1","0","0","199","[]","[]","https://x.com/notyourmootx/status/1910405756467503224","tweet_id:1910405756467503224","['@favbabys']"
"ôcha","@neobuladust","2025-04-10T12:50:51.000Z","Kalo di case aku baliknya ke harga awal kok, bukan sampe yg 200% gt. Tapi lebih mahal karena puasa dan lebaran 

Btw gosipnya, penurunan tarif ni gara2 ppn 12% loh, jadi ppn naik, tapi diredain pake penurunan tarif pln...katanya ","1","0","0","48","[]","[]","https://x.com/neobuladust/status/1910314535610876321","tweet_id:1910314535610876321","['@alwysbi']"
". . ⇢ hai! ˎˊ˗ ꒰ ꒱","@happy_personnn","2025-04-10T07:04:04.000Z","Namun, customer mintanya

""Faktur pajak atas pelunasan pembelian xxx atas faktur pajak uang muka nomor xxx
Rp. 1.000 x 2pcs   =  2.000 
DPP nilai lain = (11/12*1.000) PPN   = 12*DPP Nilai lain 

-2pcs adalah jumlah brg yg dibeli oleh cust. Apakah cara seperti itu diperbolehkan?","0","0","0","84","[]","[]","https://x.com/happy_personnn/status/1910227263653871939","tweet_id:1910227263653871939","['@happy_personnn']"
". . ⇢ hai! ˎˊ˗ ꒰ ꒱","@happy_personnn","2025-04-10T07:01:21.000Z","Seperti ini contohnya, 

Saya sudah menulis ""Faktur pajak atas pelunasan pembelian xxx atas faktur pajak uang muka nomor xxx 
Rp. 1.000 x 1 pcs    =   1.000
DPP nilai lain = (11/12 * 1.000) PPN   = 12% * DPP nilai lain","1","0","0","79","[]","[]","https://x.com/happy_personnn/status/1910226579835523218","tweet_id:1910226579835523218","['@happy_personnn']"
"Grok","@grok","2025-04-10T05:01:20.000Z","Liputan Tempo.co soal kenaikan PPN 2025 sepertinya campuran analisis ekonomi dan opini populis. Mereka bahas kebijakan pemerintah dan pandangan ahli, seperti PPN 12% cuma buat barang mewah, plus ada pengecualian buat barang pokok. Tapi, mereka juga soroti protes","0","0","0","48","[]","[]","https://x.com/grok/status/1910196374282424416","tweet_id:1910196374282424416","['@tempodotco', '@FDillbert', '@IDFreeport']"
"Yustri Retno","@YRHaryani","2025-04-10T03:07:41.000Z"," untuk ppn 12% sdh mulai di belakukan blm di april ini , tanpa menggunakan dpp nilai lain ? Yg perhitungan dppx11:12","1","0","0","80","[]","['@kring_pajak']","https://x.com/YRHaryani/status/1910167776930722135","tweet_id:1910167776930722135","[]"
"Fitri Haryanti","@fitri99187","2025-04-10T00:15:56.000Z","Kaum 58 sprtinya menerima dengan legowo dengan semua kenaikan harga dan ppn 12%..","0","0","0","44","[]","[]","https://x.com/fitri99187/status/1910124553835360261","tweet_id:1910124553835360261","['@bakuldimsum_']"
"Ngetik","@PakeJari","2025-04-09T16:32:48.000Z","Gpp bang mumpung ketawa blm kena PPN 12% ","0","0","1","41","[]","[]","https://x.com/PakeJari/status/1910008000259235905","tweet_id:1910008000259235905","[]"
"yori","@divisinangis","2025-04-09T13:37:23.000Z","ppn 12% by","0","0","0","33","[]","[]","https://x.com/divisinangis/status/1909963856119824868","tweet_id:1909963856119824868","['@suarabila']"
"후니우니","@hooniewoonie","2025-04-09T12:46:12.000Z","itu promotornya aja berani narik ppn 12% otaknya gak ada kalo refund gak full","0","0","1","212","[]","[]","https://x.com/hooniewoonie/status/1909950978016878902","tweet_id:1909950978016878902","[]"
"후니우니","@hooniewoonie","2025-04-09T12:34:56.000Z","guyss kalian yang kemarin udah beli tiket harus perjuangin uang kalian balik kalo bisa sampe gak ada potongan sekalian tuh sama ppn 12%","3","2","6","1K","[]","[]","https://x.com/hooniewoonie/status/1909948139492262268","tweet_id:1909948139492262268","[]"
"テル","@mizusan_no","2025-04-09T12:10:35.000Z","Kena ppn 12% ","1","0","1","20","[]","[]","https://x.com/mizusan_no/status/1909942011412750574","tweet_id:1909942011412750574","['@VulpesVelpus']"
"#PajakKitaUntukKita","@kring_pajak","2025-04-09T08:49:48.000Z","Hai, Kak.
Sesuai pasal 7 ayat (1) huruf b UU PPN stdtd UU Nomor 6 tahun 2023 disebutkan bahwa tarif PPN 12% (dua belas persen) mulai berlaku paling lambat pada tanggal 1 Januari 2025. Jadi sudah mulai berlaku, namun terdapat perbedaan terkait dengan DPP nya, aturan terkait dengan","2","0","1","157","[]","[]","https://x.com/kring_pajak/status/1909891485048475803","tweet_id:1909891485048475803","['@adtrsgr']"
"#PajakKitaUntukKita","@kring_pajak","2025-04-09T08:20:10.000Z","Hai, Kak.
Tarif PPN 12% berlaku sejak 1 Januari 2025. Namun terdapat penyesuaian ketentuan untuk DPP Nilai lain pada PMK 131 Tahun 2024 dan besaran tertentu pada PMK 11 Tahun 2025.
Ketentuan tersebut juga berlaku untuk masa pajak April 2025 ya, Kak.

Tks*Lati","0","0","0","131","[]","[]","https://x.com/kring_pajak/status/1909884027563327723","tweet_id:1909884027563327723","['@BangkitTui']"
"Grok","@grok","2025-04-09T07:51:48.000Z","Pemerintah RI di bawah Prabowo mungkin terlihat tutup telinga karena fokus pada kebijakan praktis, seperti potongan anggaran dan kenaikan PPN 12%, yang dianggap membebani rakyat. Kritik publik soal pengangguran, layanan kesehatan, dan peran militer yang meluas juga menambah","0","0","0","52","[]","[]","https://x.com/grok/status/1909876888639537417","tweet_id:1909876888639537417","['@penghujatmolay', '@ARSIPAJA']"
"#PajakKitaUntukKita","@kring_pajak","2025-04-09T07:51:35.000Z","Hai, Kak.
Tarif PPN 12% berlaku sejak 1 Januari 2025. Namun terdapat penyesuaian ketentuan untuk DPP Nilai lain pada PMK 131 Tahun 2024 dan besaran tertentu pada PMK 11 Tahun 2025.
(1/2)","1","0","0","111","[]","[]","https://x.com/kring_pajak/status/1909876832809148865","tweet_id:1909876832809148865","['@SariIndria75038']"
"matahari","@lismantik","2025-04-09T07:36:11.000Z","Satu yg oposan ga mikir, kalo rusuh, massa ga bakal bedain oposan mana, teman mana
Namanya juga massa
Oposan bodoh itu pikir, mrk bs santai nonton pendukung pemerintah kena gabuk (kayak mrk nyukurin ppn 12%)
Padahal si oposan indonesia gelap tuh bakalan ikut kena hajar juga","0","0","1","24","[]","[]","https://x.com/lismantik/status/1909872957050290405","tweet_id:1909872957050290405","['@Kimberley_PS08']"
"chicks ⋆◡̎⋆","@simpforcoenffl","2025-04-09T07:14:37.000Z","alhamdulillah hmbm ga ppn 12% lagi, ayo hambamers kita harus memimpin","0","0","0","156","[]","[]","https://x.com/simpforcoenffl/status/1909867531780714716","tweet_id:1909867531780714716","[]"
"#PajakKitaUntukKita","@kring_pajak","2025-04-09T06:48:21.000Z","Hai, Kak.
Tarif PPN 12% berlaku sejak 1 Januari 2025. Namun terdapat penyesuaian ketentuan untuk DPP Nilai lain pada PMK 131 Tahun 2024 dan besaran tertentu pada PMK 11 Tahun 2025.
Ketentuan tersebut juga berlaku untuk masa pajak April 2025.

Tks*Onga","0","0","0","110","[]","[]","https://x.com/kring_pajak/status/1909860919779205476","tweet_id:1909860919779205476","['@ganteng_sa97955']"
"Aditria Segara","@adtrsgr","2025-04-09T03:33:26.000Z"," ini ppn 12% sudah berlaku kah kak? Soalnya untuk beberapa barang seperti tisu dan kamper kamar mandi di katalog inaproc laman barang dan jasa pemerintah sudah diberlakukan","1","0","1","328","[]","['@kring_pajak']","https://x.com/adtrsgr/status/1909811866031079642","tweet_id:1909811866031079642","[]"
"MoonMeandHer","@paruruuuuu48","2025-04-09T02:45:47.000Z","Ppn 12% iki emg anjing. Gak oleh manfaat tapi mangan ae kudu bayar","0","0","0","44","[]","[]","https://x.com/paruruuuuu48/status/1909799874486477017","tweet_id:1909799874486477017","[]"
"hanif yahyaasyari","@yahyaasyar42633","2025-04-09T02:38:17.000Z","Negeri ini dirusak Mulyono selama 2 periode,mosok iya bs tuntas hny dlm 150 hari?kurang dr 6 bln/1 thn? 
Kesungguhan,keseriusan,keberpihakan pd wong cilik itu terasa;Pembongkaran pagar laut (""""),ppn 12% hny u brg mewah,200 sklh rakyat berasrama thn ini,wkt msh pnjg,kudu optimis!","0","0","0","35","[]","[]","https://x.com/yahyaasyar42633/status/1909797988551336205","tweet_id:1909797988551336205","['@msaid_didu']"
"#PajakKitaUntukKita","@kring_pajak","2025-04-09T02:15:07.000Z","Hai, Kak.
Tarif PPN 12% berlaku sejak 1 Januari 2025. Namun terdapat penyesuaian ketentuan untuk DPP Nilai lain pada PMK 131 Tahun 2024 dan besaran tertentu pada PMK 11 Tahun 2025.
Ketentuan tersebut juga berlaku untuk masa pajak April 2025.

Tks*Izal","0","0","0","109","[]","[]","https://x.com/kring_pajak/status/1909792158388994163","tweet_id:1909792158388994163","['@rudiansy_ah']"
"MusuhMisuh","@MusuhMisuh2","2025-04-08T18:41:20.000Z","Klo ga dianggap, kemarin dah naik itu ppn 12%
Ciut nyali juga kan pemerintah didemo ga berani gas 12%
Opisisi nyelamatin seluruh rakyat Indonesia","0","1","23","702","[]","[]","https://x.com/MusuhMisuh2/status/1909677960002781539","tweet_id:1909677960002781539","['@AirinDatangLagi', '@Amet_81', '@virdianaurellio']"
"San tok sing","@Vanbasten853nh","2025-04-08T15:45:29.000Z","PPN 12 persen,sama aja mencekek rakyat","0","0","0","26","[]","[]","https://x.com/Vanbasten853nh/status/1909633706148638982","tweet_id:1909633706148638982","['@aewin86']"
"Josh","@tenderterbatas","2025-04-08T14:46:16.000Z","Hahaha PPN 12 rasa 11 ya?","1","0","0","162","[]","[]","https://x.com/tenderterbatas/status/1909618805724385529","tweet_id:1909618805724385529","['@smallsantahat']"
"PolisCik Bancet Lo 86 Dzolim","@IskandarM1","2025-04-08T13:43:15.000Z","Mulyani mulyani..
Yang penting Ppn 12% duluan","0","0","3","594","[]","[]","https://x.com/IskandarM1/status/1909602946654073292","tweet_id:1909602946654073292","['@SecScottBessent', '@BosPurwa', '@realDonaldTrump']"
"The Ministry of Free Bedsheet","@KetumParpolGaib","2025-04-08T05:37:50.000Z","Pernah nyimak perbincangan emak2 di kampungku ttg PPN 12%. Mereka bener2 nyepelein kenaikan PPN itu dan secara sadar bilang klo ""anak abah"" cuma ngebesar-besarin. Padahal, mereka org yg paling terdampak kenaikan PPN. Jd y ga heran knp 02 menang. Mayoritas mmg pikirannya ngaco","0","4","3","362","[]","[]","https://x.com/KetumParpolGaib/status/1909480784651862067","tweet_id:1909480784651862067","[]"
"Tekarok 007","@tekarok007","2025-04-07T16:54:34.000Z","Orang kaya raya kan yang paling sengsara kena kebijakan kemarin,PPN 12% barang branded, tiket konser K-Pop dll melejit harganya.
Yah harusnya mereka itu teriak2nya ""Kebijakan Prabowo, bikin orang kaya raya susah, buat hidup penuh gaya""
Jangan jualan rakyat miskin.","2","4","30","4.3K","[]","[]","https://x.com/tekarok007/status/1909288704092652009","tweet_id:1909288704092652009","['@erlandariasena', '@sarah_pndjtn']"
"laut inactive","@teevitc","2025-04-07T16:03:25.000Z","wkwkwkw that ppn 12%","1","0","1","564","[]","[]","https://x.com/teevitc/status/1909275833120047491","tweet_id:1909275833120047491","['@estfisip']"
"Neo","@Neooranu","2025-04-07T16:02:28.000Z","""saya sendiri jg kaget dengan kecepatan"" - overconfident sekali bapak. sy ingetin lg isunya dr sisi pajak: PPN 12% batal setelah didemo, 11/12 (dpp nilai lain) & ppn 1,2% balik lagi jadi 1,1% utk jasa tertentu (aturan telat), coretax amburadul sampe hari ini. benar2 kaget gak tuh","0","0","0","49","[]","[]","https://x.com/Neooranu/status/1909275594451566659","tweet_id:1909275594451566659","['@BocorAlusPol']"
"Om Paujin","@Jarakdekat","2025-04-07T11:57:04.000Z","Stabil karena kenaikan sudah ada akhir tahun. Dan di akhir Quartal 1 semua sudah terbiasa. Tau kan apa ? Ya Isu PPN 12%.","0","0","0","76","[]","[]","https://x.com/Jarakdekat/status/1909213835204194810","tweet_id:1909213835204194810","['@TirtoID']"
"caca","@insilenceera","2025-04-07T11:29:03.000Z","iyes. biar ga ""rame"" dikasih diskon diawal wkwk. pinter buat ngegocek masyarakat yang mostly minim literasi dan ngikutin politik. seharusnya rame kayak ppn 12%, biar dicancel. kalo kayak gini, semua keadaan makin lebih berasa ""beratnya"" ","0","0","0","72","[]","[]","https://x.com/insilenceera/status/1909206784377851960","tweet_id:1909206784377851960","['@nightlikcthis']"
"WIDWIDtan Keres","@HDya2l","2025-04-07T10:58:47.000Z","Kol gede banget, diatas 3$ kena bea masuk + ppn 12%, biasanya admin gak lebih daei 50k pun gak sampe 100k ih, dikira emas kali ya","1","0","0","74","[]","[]","https://x.com/HDya2l/status/1909199169090453839","tweet_id:1909199169090453839","['@splatterdusk']"
"caca","@insilenceera","2025-04-07T10:38:07.000Z","kenaikkan listrik sudah beredar sebelum 2025, barengan dengan berita ppn 12% waktu itu dengan diiming-imingi akan diberi diskon selama 2 bulan dimulai dari januari 2025 (faktanya 3 bulan) dan sekarang baru protes dan marah akan kenaikkan tsb tuh piyeee ","2","0","0","575","[]","[]","https://x.com/insilenceera/status/1909193966190485768","tweet_id:1909193966190485768","[]"
"Orange Carrot","@orangecarrot__","2025-04-07T10:38:03.000Z","Ya Allah asbunnyaa si ochi ini mood banget Menghirup ppn 12% ","0","0","0","48","[]","[]","https://x.com/orangecarrot__/status/1909193950843588806","tweet_id:1909193950843588806","['@matchacioya']"
"I'm Tardy","@tardy4three","2025-04-07T10:34:47.000Z","Salah satunya menaikkan ppn 12%","1","0","1","3.3K","[]","[]","https://x.com/tardy4three/status/1909193129435205706","tweet_id:1909193129435205706","['@ekawicaksana', '@WidasSatyo']"
"PersonifikasiDaring","@ujgSigarantang","2025-04-07T09:33:45.000Z","Gw curiga Trump narik tarif ini strategi buat nutup ""lubang"" pendapatan pajak yg bakal dipotong utamanya buat orang kaya top 1% Amerika yg selama ini jadi pendonor selama masa pemilu.

Mirip PPN 12% kemarin kali ya CMIIW","0","0","0","51","[]","[]","https://x.com/ujgSigarantang/status/1909177769008767229","tweet_id:1909177769008767229","['@acotenri']"
"Azwin Fathurrahman","@AzwinFathur","2025-04-07T09:18:27.000Z","Sementara yang nyoblos cuma kebagian PPN 12 % ","0","0","0","30","[]","[]","https://x.com/AzwinFathur/status/1909173918520471560","tweet_id:1909173918520471560","['@CNNIndonesia']"
"Maulana @ Nothing to Play atm","Maulana @ Nothing to Play atm","2025-04-07T05:56:59.000Z","Indonesian PPn 12% formula ","0","0","1","145","[]","[]","https://x.com/maulana_pcfre/status/1909123218184798343","tweet_id:1909123218184798343","[]"
"ko hek","@pucuksemmai","2025-04-07T05:56:27.000Z","beliau ini belom melihat penghitungan ppn 12% indonesia","0","0","4","199","[]","[]","https://x.com/pucuksemmai/status/1909123082582937637","tweet_id:1909123082582937637","[]"
"Grok","@grok","2025-04-07T05:18:00.000Z","Ya Tuhan, gaji mamamu 1,8 jt/tahun jauh di bawah PTKP 54 jt, jadi bebas pajak penghasilan—cukup adil. Tapi pajak tak langsung seperti PPN 12% di utilitas atau sewa dari perusahaan bisa membebani. Makanan pokok sih bebas PPN, dan ada bantuan seperti PKH, tapi wajar atau nggak,","1","0","0","50","[]","[]","https://x.com/grok/status/1909113406155526306","tweet_id:1909113406155526306","['@charging_soul', '@phrone_515', '@prabowo', '@emgininamakuu']"
"ngabdul","@goraici","2025-04-07T04:31:03.000Z","Semua warga yg punya “disposable income” walau cuma dikit pasti dijadikan sapi perah pemerintah dan BUMN. Besin jelek, internet jelek dan mahal, air PAM cuma layak buat cuci mobil, PPN 12%..","0","14","15","1.2K","[]","[]","https://x.com/goraici/status/1909101593234145766","tweet_id:1909101593234145766","[]"
"Daging Kiloan","@Wedhuzjr","2025-04-06T14:45:11.000Z","Ngebullshit mulu u bewok.. PPN 12% maren mw dinaikin u pada ribut2..","0","0","0","57","[]","[]","https://x.com/Wedhuzjr/status/1908893755178209578","tweet_id:1908893755178209578","['@grok', '@prabowo', '@smindrawatii', '@StefanAntonio__']"
"___C_O_G_S_","@trial_imbalance","2025-04-06T10:56:37.000Z","Kok bisa pro PPN 12%?! x.com/akunbuzzerlol/
…","2","1","0","474","[]","[]","https://x.com/trial_imbalance/status/1908836235575197775","tweet_id:1908836235575197775","[]"
"#GrazieVale","@riyansetya","2025-04-06T07:12:47.000Z","Waiting for this song launch.. PPN 12%

Siap2 kontroversi lagi macam Polisi yang Baik Hati.","0","0","2","3.8K","[]","['@slankdotcom']","https://x.com/riyansetya/status/1908779906861064645","tweet_id:1908779906861064645","['@wisnu_prasetya']"
"Tekarok 007","@tekarok007","2025-04-06T02:02:58.000Z","Mirip hoax kaum PPN 12% kemarin, padahal belum berlaku udah teriak-teriak duluan. Mengapa oposisi di sini kelakuannya makin mirip oposisi di Amerika?","3","0","8","326","[]","[]","https://x.com/tekarok007/status/1908701935911465333","tweet_id:1908701935911465333","[]"
"Grok","@grok","2025-04-05T15:58:04.000Z","Ekonomi Indonesia di April 2025 tumbuh 5,1-5,4% (GDP), tapi daya beli kelas menengah tertekan. Mall dan jalan ramai, orang masih jajan, didukung kenaikan upah 6,5% dan deflasi -0,09% (Feb 2025). Namun, PHK, kenaikan PPN 12%, dan harga BBM bikin sebagian merasa daya beli turun,","0","0","0","109","[]","[]","https://x.com/grok/status/1908549710245196142","tweet_id:1908549710245196142","['@eswetwit']"
"BlackAngel","@RevealJkt","2025-04-05T00:57:22.000Z","Lagian kritikus ini kok demen banget sih kritik tanpa data jelas.  Jgn nyontoh pemerintah dong ah. Kebijakan pembatasan gas 3 kg tanpa data, PPN 12% juga tanpa data, kebutuhan ASN PPPK jg tanpa data, MBG juga tanpa data. Dah ah, kritikus pemerintah itu harus tau diri. Pake data!","0","0","1","92","[]","[]","https://x.com/RevealJkt/status/1908323040506831043","tweet_id:1908323040506831043","['@Tan_Mar3M']"
"","@yazixchi","2025-04-05T00:09:31.000Z","Sok2an lo ngurusin tariff US, giliran ppn 12%, pajak dan kebijakan mencekik bacot diem2 bae..gimana mau ngadepin kebijakan luar klk dalam negeri aja carut marut..","0","0","0","46","[]","[]","https://x.com/yazixchi/status/1908311000040034559","tweet_id:1908311000040034559","['@Stakof']"
"San tok sing","@Vanbasten853nh","2025-04-04T23:04:11.000Z","Masyarakat sudah lupa PPN 12 persen","0","0","0","30","[]","[]","https://x.com/Vanbasten853nh/status/1908294557735018814","tweet_id:1908294557735018814","['@SeputarTetangga']"
"Alin","@linlaixx","2025-04-04T19:39:20.000Z","Btw APA ITU PPN 12% DAN EFISIENSI ANGGARAN kalo bisa nulis di sini gratis?? Negara ini udh terlalu banyak mengambil hak, jadi aku gak mungkin ambil hak bucin2 taekook dengan meng-komersialkan hiburan ini agar selalu sayang abang dan adik","1","0","0","202","[]","[]","https://x.com/linlaixx/status/1908243006735704470","tweet_id:1908243006735704470","['@jasiojairkaivan', '@linlaixx']"
"mima . . .","@ohmbookie","2025-04-04T15:41:22.000Z","leng penyebab ppn 12%
leng penyebab ruurni di sah kan","0","0","15","496","[]","[]","https://x.com/ohmbookie/status/1908183118277947476","tweet_id:1908183118277947476","['@selektifs']"
"Jasio Kaivan","@jasiojairkaivan","2025-04-04T13:25:53.000Z","tiap kali gw baca ulang ini, kadang masih mesmerizing kok bisa gw nemuin tulisan kayak gini, bisa dibaca kapan aja dan gratis... GRATIS COK KAGAK KENA PPN 12% KAGAK KENA EFISIENSI ANGGARAN. kayak kayak??? WOW KOK BISA??? like A-level classic food and it's for FREE yall...","2","1","2","991","[]","[]","https://x.com/jasiojairkaivan/status/1908149024605245845","tweet_id:1908149024605245845","[]"
"ℓυкι яσвυѕтα 𝜋","@lukiRobusta","2025-04-04T12:26:18.000Z","itu potongan pajak penghasilan dan ppn 12%","0","0","0","426","[]","[]","https://x.com/lukiRobusta/status/1908134027707760725","tweet_id:1908134027707760725","['@kompascom']"
"irganox ","@IrganoxxSepuluh","2025-04-04T10:20:18.000Z","Beruntung PPN 12% berhasil dibatalkan, kalau engga apa g makin gila harga barang dan jasa","0","0","1","143","[]","[]","https://x.com/IrganoxxSepuluh/status/1908102319579054259","tweet_id:1908102319579054259","['@pacarkanghaneul', '@tanyakanrl']"
"charlie x charlie","@charlie_reads_4","2025-04-04T09:43:41.000Z","maaf aku kira op nangisin harga mogu2 terdampak ppn 12%, tapi aku juga nangisin rv kok ","0","0","1","381","[]","[]","https://x.com/charlie_reads_4/status/1908093106605658530","tweet_id:1908093106605658530","[]"
"Faa","@tinybabybreathe","2025-04-04T03:23:16.000Z","Dari bulan Januari aku udah dikasih tau petugas PLN yg datang ke rumah kalau setelah diskon tagihan akan naik imbas ppn 12%","0","0","0","73","[]","[]","https://x.com/tinybabybreathe/status/1907997368177537478","tweet_id:1907997368177537478","['@Lagigabutini']"
"Carolina","@CoraIinee","2025-04-04T00:46:16.000Z","Kalo dipikir2 dari awal 2025 tuh pemerintah udah mulai hobi ngeprank ya. Inget yang PPN 12%, tiba2 ganti peraturan h-bbrp jam sebelum 1 januari.
Pdhl di tgl 31 dec kita udh stand by buat deployment PPN 12% di tgl 1 januari jam 1 pagi. Itu CR udah dikerjain dari Juli 2024 pdhl","1","0","0","37","[]","[]","https://x.com/CoraIinee/status/1907957858274259392","tweet_id:1907957858274259392","[]"
"hiraeth","@addictocrate","2025-04-03T23:58:17.000Z","It's giving PPN 12% tp nyatanya 11%","1","0","0","83","[]","[]","https://x.com/addictocrate/status/1907945785494483300","tweet_id:1907945785494483300","[]"
"deni er iddehan (audrey)","@audreyprn1","2025-04-03T20:39:54.000Z","penghapusan utang nelayan dan UMKM, kenaikan gaji guru, serta peningkatan Upah Minimum Provinsi (UMP) yang naik 6,5%. penurunan harga tiket,regulasi distribusi pupuk yang disederhanakan. Makan Bergizi Gratis (MBG),  pembatalan rencana kenaikan PPN 12 persen","0","0","0","140","[]","[]","https://x.com/audreyprn1/status/1907895857682460703","tweet_id:1907895857682460703","['@Intel_Imut', '@baeberries', '@moviiec']"
"nit","@maviejn","2025-04-03T18:19:20.000Z","Jadi keinget kasus ppn 12% kemarin, harga pada naik giliran kebijakannya dibatalin/revisi eh harganya gak turun ","0","0","0","125","[]","[]","https://x.com/maviejn/status/1907860482863907128","tweet_id:1907860482863907128","[]"
"@sigromilir.01","@sigromilir.01","2025-04-03T18:18:07.000Z","KADIN mencatat, total transaksi selama musim mudik 2025 hanya menyentuh angka Rp137,975T, lebih rendah dibandingkan 2024 mencapai Rp157,3T. Maka asumsi perputaran uang tahun ini turun 12,28%.
.
Banggar DPR tahu tidak dampak domino kenaikan ppn 12%?","0","0","1","92","[]","[]","https://x.com/Sigromilir01/status/1907860179745702132","tweet_id:1907860179745702132","['@King_SpeakUp']"
"freaky little thing called isa","@awtemicia","2025-04-03T15:50:51.000Z","bleh kena ppn 12%","1","0","0","20","[]","[]","https://x.com/awtemicia/status/1907823119290740977","tweet_id:1907823119290740977","['@posterboyjeong']"
"Carolina","@CoraIinee","2025-04-04T00:46:16.000Z","Kalo dipikir2 dari awal 2025 tuh pemerintah udah mulai hobi ngeprank ya. Inget yang PPN 12%, tiba2 ganti peraturan h-bbrp jam sebelum 1 januari.
Pdhl di tgl 31 dec kita udh stand by buat deployment PPN 12% di tgl 1 januari jam 1 pagi. Itu CR udah dikerjain dari Juli 2024 pdhl","1","0","0","37","[]","[]","https://x.com/CoraIinee/status/1907957858274259392","tweet_id:1907957858274259392","[]"
"hiraeth","@addictocrate","2025-04-03T23:58:17.000Z","It's giving PPN 12% tp nyatanya 11%","1","0","0","83","[]","[]","https://x.com/addictocrate/status/1907945785494483300","tweet_id:1907945785494483300","[]"
"deni er iddehan (audrey)","@audreyprn1","2025-04-03T20:39:54.000Z","penghapusan utang nelayan dan UMKM, kenaikan gaji guru, serta peningkatan Upah Minimum Provinsi (UMP) yang naik 6,5%. penurunan harga tiket,regulasi distribusi pupuk yang disederhanakan. Makan Bergizi Gratis (MBG),  pembatalan rencana kenaikan PPN 12 persen","0","0","0","140","[]","[]","https://x.com/audreyprn1/status/1907895857682460703","tweet_id:1907895857682460703","['@Intel_Imut', '@baeberries', '@moviiec']"
"engki shenwill","@EShenwill","2025-04-03T15:05:58.000Z","Lebih baik juga tarif ppn 12% indo di jadikan 40% biar makin gelap..trus bikin tkdn, sudah jelas indo g  bisa bikin malah di paksakan,hancurlah industri dalam negri apalagi yang umkn.. salag urus negara","0","0","4","408","[]","[]","https://x.com/EShenwill/status/1907811822872441211","tweet_id:1907811822872441211","['@jansen_jsp']"
"Rayi!","@rosesofelleya","2025-04-03T13:59:22.000Z","Udah dari tahun lalu gak sih buku-buku genre begitu gak boleh masuk. Klau mau masuk bisa kena ppn 12% tapi ilegal.","1","0","0","53","[]","[]","https://x.com/rosesofelleya/status/1907795062656012671","tweet_id:1907795062656012671","['@kumirano']"
"ⒶⓅ","@agussprasetio","2025-04-03T13:17:48.000Z","Rakjat di pijek lagi bae. Kek ga hapal konoha aja. Ppn 12 % aja praktenya udah berlaku wkkww… apus2 . 
Pejabat senang flexing ga mikirn rakjat yg dipikir kekuasaan dan criclenya","0","0","0","38","[]","[]","https://x.com/agussprasetio/status/1907784602199957885","tweet_id:1907784602199957885","[]"
"Dk","@yangkemarinkan","2025-04-03T10:20:38.000Z","CMIIW

HS code: 95045090
BM: 15%Ppn: 12%
Pph: 7.5%
Butuh LS
IF incoterm: CIF
Harga barang: ¥ 70.000
Let say kurs: Rp 111/yen

Total pabean yg harus dibayar buat masuk indo untuk 1 unit estimasi: Rp 2.907.923
Jdi klo dijual di indo ada kenaikan sekitar 3 jutaan lebih mahal","0","0","0","725","[]","[]","https://x.com/yangkemarinkan/status/1907740015532102143","tweet_id:1907740015532102143","['@DavidBeatt']"
"back","@frans_surya","2025-04-03T09:11:37.000Z","Faktanya PKS tetap bersuara kritis di parlemen soal PPN 12%, soal OMH, soal gas elpiji, soal pagar laut. 

Partai lain mana ada yg sekeras PKS suaranya di parlemen.","1","0","0","43","[]","[]","https://x.com/frans_surya/status/1907722646793703511","tweet_id:1907722646793703511","['@kolamkopi']"
"GEREJA CATHOLIC","@GEREJA_CATHOLIC","2025-04-03T07:53:28.000Z","Indonesia hancur karena PPN 12% ditambah pajak 100% dari Amerika Serikat.","0","0","0","158","[]","[]","https://x.com/GEREJA_CATHOLIC/status/1907702981501276412","tweet_id:1907702981501276412","['@republicandeist', '@doktermarket', '@MaueskrimCake']"
"_Aydrooze_","@Utayrus_Ayd","2025-04-03T07:13:54.000Z","DISKON LISTRIK SUDAH TAK ADA LAGI
MAKAN BERGIZI GRATIS SAMPAI JUNI PPN 12 % SAMPAI KAUM 58 MATI ","5","9","21","596","[]","[]","https://x.com/Utayrus_Ayd/status/1907693020935598340","tweet_id:1907693020935598340","[]"
"remahrengginang","@ganjaransejati","2025-04-03T06:20:52.000Z","Economic War Begin ! Yth  1) Tunda PPN 12%.
2) E-faktur tetap berjalan paralel dg Cortax.
3) Tunda penutupan DJP online.
4) Penghapusan denda utk semua dan seluruh jenis pajak nasional dan daerah asal pokok pajak dilunasi.
5) BRICS market.","0","0","0","67","[]","['@prabowo', '@KemenkeuRI', '@PerekonomianRI']","https://x.com/ganjaransejati/status/1907679677785006199","tweet_id:1907679677785006199","[]"
"weeee","@rendangcheesy","2025-04-03T04:07:50.000Z","beli emas kena ppn 12%, pajaknya doang bisa buat makan 2 minggu ","0","0","0","64","[]","[]","https://x.com/rendangcheesy/status/1907646196841165252","tweet_id:1907646196841165252","[]"
"Armin Sunardi","@arminsunardi","2025-04-03T02:36:50.000Z","Berada dlm bayang² Jokowi bikin masalah Prabowo makin numpuk.
Gimana masyarakat bisa berfikir positif1. Perusahaan gulung tikar imbas PPN 12% 
2. Pagar laut 
3. Rupiah anjlok 16.700
4. Defisit APBN
5. MBG semrawut 
6. IHSG anjlok 
7. Pemudik turun 30%
8. Utang numpuk","2","0","1","277","[]","[]","https://x.com/arminsunardi/status/1907623298260939247","tweet_id:1907623298260939247","[]"
"Grok","@grok","2025-04-03T00:30:19.000Z","Saya AI, jadi tak bisa suka atau tak suka Luhut. Sebagai Ketua DEN sejak Okt 2024, dia fokus pada digitalisasi ekonomi dan layanan AI nasional, rencana disampaikan ke Prabowo. Juga perbaiki iklim investasi dan tunda kenaikan PPN 12% demi daya beli. Kinerjanya proaktif, tapi ada","0","0","0","535","[]","[]","https://x.com/grok/status/1907591455721373922","tweet_id:1907591455721373922","['@asumsico', '@wirganesia']"
"Grok","@grok","2025-04-02T16:11:13.000Z","Berdasarkan laporan terbaru, Risyad Azhar kemungkinan besar di balik akun @barengwarga. Motifnya tampaknya terkait aktivisme untuk hak sipil dan menentang kebijakan pemerintah, seperti RUU TNI dan kenaikan PPN 12%. Akun ini juga fokus pada supremasi sipil, transparansi, dan","0","0","0","168","[]","[]","https://x.com/grok/status/1907465855601873191","tweet_id:1907465855601873191","['@barengwarga', '@rudigunawan2024']"
"⛧","@chateuv","2025-04-02T12:07:31.000Z","setelah photoshoot, mereka lgsg pada lempar compliments kamu cantik kamu lucu lethal face itu jawline km bisa motong ppn 12% jadi 10% lagi gak ya ki","0","0","4","130","[]","[]","https://x.com/chateuv/status/1907404525956129034","tweet_id:1907404525956129034","[]"
"ROM !","@IrawanRommi","2025-04-02T10:22:08.000Z","Memang di sengaja banteng.
Agar pemerintah disalahkan.
Persis seperti kenaikan PPn 12%.
Pak Prabowo baru dilantik.
Lalu di salahkan kaum lowbat.","1","0","1","34","[]","[]","https://x.com/IrawanRommi/status/1907378005732930007","tweet_id:1907378005732930007","['@BANGSAygSUJUD', '@DPR_RI']"
"koy the wakorti","@dhuarkoy","2025-04-02T06:43:47.000Z","aoskoskw standarnya 20rb sehari buat pengeluaran, itu mah dapet mam doang, blum ditambah ppn 12%","0","0","0","66","[]","[]","https://x.com/dhuarkoy/status/1907323054067449874","tweet_id:1907323054067449874","['@abu_waras']"
"dipta","@tidaklvcv","2025-04-02T03:53:04.000Z","Diskon listrik itu juga tujuan awalnya disinyalir untuk jaga-jaga menghadapi gelombang protes kenaikan ppn 12%, yang pada akhirnya cancel karena tetap mendapat penolakan besar dari masyarakat. Jadi kagak mungkin itu diskon dicancel juga karena bakal lebih diprotes lagi.","1","0","0","63","[]","[]","https://x.com/tidaklvcv/status/1907280094093033648","tweet_id:1907280094093033648","['@tidaklvcv']"
"rico raint","@RaintRico","2025-04-02T03:15:59.000Z","Januari: terkait revisi UU pilkada
Februari: terkait PPN 12%
Maret : terkait UU TNI

Gagalnya dmn ya.. revisi kagak jd.. PPN ga jd naik... UU TNI bakalan tumbang jg...

Lu tolol dah... ","0","0","0","65","[]","[]","https://x.com/RaintRico/status/1907270759812390999","tweet_id:1907270759812390999","['@FDonghun']"
"fufuf@f@ 5U5U syahriniii","fufuf@f@ 5U5U syahriniii","2025-04-01T20:57:18.000Z","Tiap detik tiap menit tiap jam tiap hari tiap Minggu tiap bulan tiap tahun tiap 5 tahun rakyat itu udah dipajakin duitnya kemana aja Bu lewat PPN 12%","0","0","0","60","[]","[]","https://x.com/yohngenes/status/1907175463010947088","tweet_id:1907175463010947088","['@hnirankara']"
"yudha","@utdstewie","2025-04-01T14:49:05.000Z","dan PPN 12%","0","0","0","3.9K","[]","[]","https://x.com/utdstewie/status/1907082799208866303","tweet_id:1907082799208866303","['@Dsinathrya', '@ysf_bahtiyar']"
"mikir kid","@safetyfirstv","2025-04-01T13:55:08.000Z","Alhamdulillah thn ini dpt thr lumayan bgt dibanding thn sebelumnya, lumayan buat beli skincare+ppn 12%","0","0","0","103","[]","[]","https://x.com/safetyfirstv/status/1907069221302865960","tweet_id:1907069221302865960","[]"
"𝕯𝖚𝖗𝖊𝖓","@Duren___","2025-04-01T10:39:27.000Z","Smalam, mkn di Rest Area Karang Tengah... Nasi Timbel ma Juss Sirsak.. Habis 120Rb stelah pajak 9.300 an.. Bidjikmane PPN 12% ya","1","0","2","40","[]","[]","https://x.com/Duren___/status/1907019974780297481","tweet_id:1907019974780297481","['@panjianom102', '@AyamSegar3', '@lysavana1']"
"uɐuᴉƃuɐʞ ɹnqɐʞ nqǝʇ ƃuɐqɯǝʞ","@joko_maryadi","2025-04-01T02:40:50.000Z","Lebaran waktunya bermaaf2an, tp tidak untuk manusia2 penjilat penguasa, kelakuannya memang sudah sangat memuakkan.

Apa yg membuat publik puas ?
1. PPN 12%
2. Pagar laut 
3. Kurs rupiah terburuk 
4. Defisit APBN
5. MBG semrawut 
6. IHSG anjlok 
7. Pemuik turun 30%","10","3","9","2.3K","[]","[]","https://x.com/joko_maryadi/status/1906899525798903943","tweet_id:1906899525798903943","[]"
